CREATE TABLE IF NOT EXISTS "auth_group" ("id" integer NOT NULL PRIMARY KEY AUTOINCREMENT, "name" varchar(150) NOT NULL UNIQUE);
INSERT INTO "auth_group" VALUES(1,'Maintenance');
INSERT INTO "auth_group" VALUES(2,'Employees');
CREATE UNIQUE INDEX "django_content_type_app_label_model_76bd3d3b_uniq" ON "django_content_type" ("app_label", "model");
CREATE UNIQUE INDEX "auth_group_permissions_group_id_permission_id_0cd325b0_uniq" ON "auth_group_permissions" ("group_id", "permission_id");
CREATE INDEX IF NOT EXISTS "auth_group_permissions_group_id_b120cbf9" ON "auth_group_permissions" ("group_id");
CREATE INDEX IF NOT EXISTS "auth_group_permissions_permission_id_84c5c92e" ON "auth_group_permissions" ("permission_id");
CREATE UNIQUE INDEX "auth_permission_content_type_id_codename_01ab375a_uniq" ON "auth_permission" ("content_type_id", "codename");
CREATE INDEX IF NOT EXISTS "auth_permission_content_type_id_2f476e4b" ON "auth_permission" ("content_type_id");
CREATE INDEX IF NOT EXISTS "eticket_tickets_employee_id_314f9224" ON "eticket_tickets" ("employee_id");
CREATE INDEX IF NOT EXISTS "eticket_ticket_reply_ticket_id_b1dd69be" ON "eticket_ticket_reply" ("ticket_id");
CREATE UNIQUE INDEX "eticket_department_section_department_id_section_id_0fe68e5c_uniq" ON "eticket_department_section" ("department_id", "section_id");
CREATE INDEX IF NOT EXISTS "eticket_department_section_department_id_d80b620f" ON "eticket_department_section" ("department_id");
CREATE INDEX IF NOT EXISTS "eticket_department_section_section_id_39918efe" ON "eticket_department_section" ("section_id");
CREATE INDEX IF NOT EXISTS "eticket_allocation_car_id_47fdc650" ON "eticket_allocation" ("car_id");
CREATE INDEX IF NOT EXISTS "eticket_allocation_driver_name_id_b6a9fcb1" ON "eticket_allocation" ("driver_name_id");
CREATE INDEX IF NOT EXISTS "eticket_allocation_reply_id_7d5c9f4b" ON "eticket_allocation" ("reply_id");
CREATE UNIQUE INDEX "eticket_user_groups_user_id_group_id_dbcb4dbe_uniq" ON "eticket_user_groups" ("user_id", "group_id");
CREATE INDEX IF NOT EXISTS "eticket_user_groups_user_id_3a9d893f" ON "eticket_user_groups" ("user_id");
CREATE INDEX IF NOT EXISTS "eticket_user_groups_group_id_31df0ff4" ON "eticket_user_groups" ("group_id");
CREATE INDEX IF NOT EXISTS "eticket_user_department_id_4500c00f" ON "eticket_user" ("department_id");
CREATE INDEX IF NOT EXISTS "eticket_user_section_id_fbd52ec3" ON "eticket_user" ("section_id");
CREATE UNIQUE INDEX "eticket_user_user_permissions_user_id_permission_id_01683fdb_uniq" ON "eticket_user_user_permissions" ("user_id", "permission_id");
CREATE INDEX IF NOT EXISTS "eticket_user_user_permissions_user_id_77ee1588" ON "eticket_user_user_permissions" ("user_id");
CREATE INDEX IF NOT EXISTS "eticket_user_user_permissions_permission_id_0b3e21bd" ON "eticket_user_user_permissions" ("permission_id");
CREATE INDEX IF NOT EXISTS "django_admin_log_content_type_id_c4bce8eb" ON "django_admin_log" ("content_type_id");
CREATE INDEX IF NOT EXISTS "django_admin_log_user_id_c564eba6" ON "django_admin_log" ("user_id");
CREATE INDEX IF NOT EXISTS "django_session_expire_date_a5c62663" ON "django_session" ("expire_date");
CREATE TABLE IF NOT EXISTS "auth_group_permissions" ("id" integer NOT NULL PRIMARY KEY AUTOINCREMENT, "group_id" integer NOT NULL REFERENCES "auth_group" ("id") DEFERRABLE INITIALLY DEFERRED, "permission_id" integer NOT NULL REFERENCES "auth_permission" ("id") DEFERRABLE INITIALLY DEFERRED);
INSERT INTO "auth_group_permissions" VALUES(1,1,32);
INSERT INTO "auth_group_permissions" VALUES(2,1,4);
INSERT INTO "auth_group_permissions" VALUES(3,1,8);
INSERT INTO "auth_group_permissions" VALUES(4,1,12);
INSERT INTO "auth_group_permissions" VALUES(5,1,16);
INSERT INTO "auth_group_permissions" VALUES(6,1,20);
INSERT INTO "auth_group_permissions" VALUES(7,1,21);
INSERT INTO "auth_group_permissions" VALUES(8,1,22);
INSERT INTO "auth_group_permissions" VALUES(9,1,23);
INSERT INTO "auth_group_permissions" VALUES(10,1,24);
INSERT INTO "auth_group_permissions" VALUES(11,1,28);
INSERT INTO "auth_group_permissions" VALUES(12,1,29);
INSERT INTO "auth_group_permissions" VALUES(13,1,30);
INSERT INTO "auth_group_permissions" VALUES(14,1,31);
INSERT INTO "auth_group_permissions" VALUES(15,2,32);
INSERT INTO "auth_group_permissions" VALUES(16,2,4);
INSERT INTO "auth_group_permissions" VALUES(17,2,8);
INSERT INTO "auth_group_permissions" VALUES(18,2,12);
INSERT INTO "auth_group_permissions" VALUES(19,2,16);
INSERT INTO "auth_group_permissions" VALUES(20,2,17);
INSERT INTO "auth_group_permissions" VALUES(21,2,18);
INSERT INTO "auth_group_permissions" VALUES(22,2,19);
INSERT INTO "auth_group_permissions" VALUES(23,2,20);
INSERT INTO "auth_group_permissions" VALUES(24,2,21);
INSERT INTO "auth_group_permissions" VALUES(25,2,22);
INSERT INTO "auth_group_permissions" VALUES(26,2,23);
INSERT INTO "auth_group_permissions" VALUES(27,2,24);
INSERT INTO "auth_group_permissions" VALUES(28,2,28);
INSERT INTO "auth_group_permissions" VALUES(29,2,29);
CREATE UNIQUE INDEX "django_content_type_app_label_model_76bd3d3b_uniq" ON "django_content_type" ("app_label", "model");
CREATE UNIQUE INDEX "auth_group_permissions_group_id_permission_id_0cd325b0_uniq" ON "auth_group_permissions" ("group_id", "permission_id");
CREATE INDEX IF NOT EXISTS "auth_group_permissions_group_id_b120cbf9" ON "auth_group_permissions" ("group_id");
CREATE INDEX IF NOT EXISTS "auth_group_permissions_permission_id_84c5c92e" ON "auth_group_permissions" ("permission_id");
CREATE UNIQUE INDEX "auth_permission_content_type_id_codename_01ab375a_uniq" ON "auth_permission" ("content_type_id", "codename");
CREATE INDEX IF NOT EXISTS "auth_permission_content_type_id_2f476e4b" ON "auth_permission" ("content_type_id");
CREATE INDEX IF NOT EXISTS "eticket_tickets_employee_id_314f9224" ON "eticket_tickets" ("employee_id");
CREATE INDEX IF NOT EXISTS "eticket_ticket_reply_ticket_id_b1dd69be" ON "eticket_ticket_reply" ("ticket_id");
CREATE UNIQUE INDEX "eticket_department_section_department_id_section_id_0fe68e5c_uniq" ON "eticket_department_section" ("department_id", "section_id");
CREATE INDEX IF NOT EXISTS "eticket_department_section_department_id_d80b620f" ON "eticket_department_section" ("department_id");
CREATE INDEX IF NOT EXISTS "eticket_department_section_section_id_39918efe" ON "eticket_department_section" ("section_id");
CREATE INDEX IF NOT EXISTS "eticket_allocation_car_id_47fdc650" ON "eticket_allocation" ("car_id");
CREATE INDEX IF NOT EXISTS "eticket_allocation_driver_name_id_b6a9fcb1" ON "eticket_allocation" ("driver_name_id");
CREATE INDEX IF NOT EXISTS "eticket_allocation_reply_id_7d5c9f4b" ON "eticket_allocation" ("reply_id");
CREATE UNIQUE INDEX "eticket_user_groups_user_id_group_id_dbcb4dbe_uniq" ON "eticket_user_groups" ("user_id", "group_id");
CREATE INDEX IF NOT EXISTS "eticket_user_groups_user_id_3a9d893f" ON "eticket_user_groups" ("user_id");
CREATE INDEX IF NOT EXISTS "eticket_user_groups_group_id_31df0ff4" ON "eticket_user_groups" ("group_id");
CREATE INDEX IF NOT EXISTS "eticket_user_department_id_4500c00f" ON "eticket_user" ("department_id");
CREATE INDEX IF NOT EXISTS "eticket_user_section_id_fbd52ec3" ON "eticket_user" ("section_id");
CREATE UNIQUE INDEX "eticket_user_user_permissions_user_id_permission_id_01683fdb_uniq" ON "eticket_user_user_permissions" ("user_id", "permission_id");
CREATE INDEX IF NOT EXISTS "eticket_user_user_permissions_user_id_77ee1588" ON "eticket_user_user_permissions" ("user_id");
CREATE INDEX IF NOT EXISTS "eticket_user_user_permissions_permission_id_0b3e21bd" ON "eticket_user_user_permissions" ("permission_id");
CREATE INDEX IF NOT EXISTS "django_admin_log_content_type_id_c4bce8eb" ON "django_admin_log" ("content_type_id");
CREATE INDEX IF NOT EXISTS "django_admin_log_user_id_c564eba6" ON "django_admin_log" ("user_id");
CREATE INDEX IF NOT EXISTS "django_session_expire_date_a5c62663" ON "django_session" ("expire_date");
CREATE TABLE IF NOT EXISTS "auth_permission" ("id" integer NOT NULL PRIMARY KEY AUTOINCREMENT, "content_type_id" integer NOT NULL REFERENCES "django_content_type" ("id") DEFERRABLE INITIALLY DEFERRED, "codename" varchar(100) NOT NULL, "name" varchar(255) NOT NULL);
INSERT INTO "auth_permission" VALUES(1,1,'add_user','Can add user');
INSERT INTO "auth_permission" VALUES(2,1,'change_user','Can change user');
INSERT INTO "auth_permission" VALUES(3,1,'delete_user','Can delete user');
INSERT INTO "auth_permission" VALUES(4,1,'view_user','Can view user');
INSERT INTO "auth_permission" VALUES(5,2,'add_cars','Can add cars');
INSERT INTO "auth_permission" VALUES(6,2,'change_cars','Can change cars');
INSERT INTO "auth_permission" VALUES(7,2,'delete_cars','Can delete cars');
INSERT INTO "auth_permission" VALUES(8,2,'view_cars','Can view cars');
INSERT INTO "auth_permission" VALUES(9,3,'add_drivers','Can add drivers');
INSERT INTO "auth_permission" VALUES(10,3,'change_drivers','Can change drivers');
INSERT INTO "auth_permission" VALUES(11,3,'delete_drivers','Can delete drivers');
INSERT INTO "auth_permission" VALUES(12,3,'view_drivers','Can view drivers');
INSERT INTO "auth_permission" VALUES(13,4,'add_section','Can add section');
INSERT INTO "auth_permission" VALUES(14,4,'change_section','Can change section');
INSERT INTO "auth_permission" VALUES(15,4,'delete_section','Can delete section');
INSERT INTO "auth_permission" VALUES(16,4,'view_section','Can view section');
INSERT INTO "auth_permission" VALUES(17,5,'add_tickets','Can add tickets');
INSERT INTO "auth_permission" VALUES(18,5,'change_tickets','Can change tickets');
INSERT INTO "auth_permission" VALUES(19,5,'delete_tickets','Can delete tickets');
INSERT INTO "auth_permission" VALUES(20,5,'view_tickets','Can view tickets');
INSERT INTO "auth_permission" VALUES(21,6,'add_ticket_reply','Can add ticket_ reply');
INSERT INTO "auth_permission" VALUES(22,6,'change_ticket_reply','Can change ticket_ reply');
INSERT INTO "auth_permission" VALUES(23,6,'delete_ticket_reply','Can delete ticket_ reply');
INSERT INTO "auth_permission" VALUES(24,6,'view_ticket_reply','Can view ticket_ reply');
INSERT INTO "auth_permission" VALUES(25,7,'add_department','Can add department');
INSERT INTO "auth_permission" VALUES(26,7,'change_department','Can change department');
INSERT INTO "auth_permission" VALUES(27,7,'delete_department','Can delete department');
INSERT INTO "auth_permission" VALUES(28,7,'view_department','Can view department');
INSERT INTO "auth_permission" VALUES(29,8,'add_allocation','Can add allocation');
INSERT INTO "auth_permission" VALUES(30,8,'change_allocation','Can change allocation');
INSERT INTO "auth_permission" VALUES(31,8,'delete_allocation','Can delete allocation');
INSERT INTO "auth_permission" VALUES(32,8,'view_allocation','Can view allocation');
INSERT INTO "auth_permission" VALUES(33,9,'add_logentry','Can add log entry');
INSERT INTO "auth_permission" VALUES(34,9,'change_logentry','Can change log entry');
INSERT INTO "auth_permission" VALUES(35,9,'delete_logentry','Can delete log entry');
INSERT INTO "auth_permission" VALUES(36,9,'view_logentry','Can view log entry');
INSERT INTO "auth_permission" VALUES(37,10,'add_permission','Can add permission');
INSERT INTO "auth_permission" VALUES(38,10,'change_permission','Can change permission');
INSERT INTO "auth_permission" VALUES(39,10,'delete_permission','Can delete permission');
INSERT INTO "auth_permission" VALUES(40,10,'view_permission','Can view permission');
INSERT INTO "auth_permission" VALUES(41,11,'add_group','Can add group');
INSERT INTO "auth_permission" VALUES(42,11,'change_group','Can change group');
INSERT INTO "auth_permission" VALUES(43,11,'delete_group','Can delete group');
INSERT INTO "auth_permission" VALUES(44,11,'view_group','Can view group');
INSERT INTO "auth_permission" VALUES(45,12,'add_contenttype','Can add content type');
INSERT INTO "auth_permission" VALUES(46,12,'change_contenttype','Can change content type');
INSERT INTO "auth_permission" VALUES(47,12,'delete_contenttype','Can delete content type');
INSERT INTO "auth_permission" VALUES(48,12,'view_contenttype','Can view content type');
INSERT INTO "auth_permission" VALUES(49,13,'add_session','Can add session');
INSERT INTO "auth_permission" VALUES(50,13,'change_session','Can change session');
INSERT INTO "auth_permission" VALUES(51,13,'delete_session','Can delete session');
INSERT INTO "auth_permission" VALUES(52,13,'view_session','Can view session');
CREATE UNIQUE INDEX "django_content_type_app_label_model_76bd3d3b_uniq" ON "django_content_type" ("app_label", "model");
CREATE UNIQUE INDEX "auth_group_permissions_group_id_permission_id_0cd325b0_uniq" ON "auth_group_permissions" ("group_id", "permission_id");
CREATE INDEX IF NOT EXISTS "auth_group_permissions_group_id_b120cbf9" ON "auth_group_permissions" ("group_id");
CREATE INDEX IF NOT EXISTS "auth_group_permissions_permission_id_84c5c92e" ON "auth_group_permissions" ("permission_id");
CREATE UNIQUE INDEX "auth_permission_content_type_id_codename_01ab375a_uniq" ON "auth_permission" ("content_type_id", "codename");
CREATE INDEX IF NOT EXISTS "auth_permission_content_type_id_2f476e4b" ON "auth_permission" ("content_type_id");
CREATE INDEX IF NOT EXISTS "eticket_tickets_employee_id_314f9224" ON "eticket_tickets" ("employee_id");
CREATE INDEX IF NOT EXISTS "eticket_ticket_reply_ticket_id_b1dd69be" ON "eticket_ticket_reply" ("ticket_id");
CREATE UNIQUE INDEX "eticket_department_section_department_id_section_id_0fe68e5c_uniq" ON "eticket_department_section" ("department_id", "section_id");
CREATE INDEX IF NOT EXISTS "eticket_department_section_department_id_d80b620f" ON "eticket_department_section" ("department_id");
CREATE INDEX IF NOT EXISTS "eticket_department_section_section_id_39918efe" ON "eticket_department_section" ("section_id");
CREATE INDEX IF NOT EXISTS "eticket_allocation_car_id_47fdc650" ON "eticket_allocation" ("car_id");
CREATE INDEX IF NOT EXISTS "eticket_allocation_driver_name_id_b6a9fcb1" ON "eticket_allocation" ("driver_name_id");
CREATE INDEX IF NOT EXISTS "eticket_allocation_reply_id_7d5c9f4b" ON "eticket_allocation" ("reply_id");
CREATE UNIQUE INDEX "eticket_user_groups_user_id_group_id_dbcb4dbe_uniq" ON "eticket_user_groups" ("user_id", "group_id");
CREATE INDEX IF NOT EXISTS "eticket_user_groups_user_id_3a9d893f" ON "eticket_user_groups" ("user_id");
CREATE INDEX IF NOT EXISTS "eticket_user_groups_group_id_31df0ff4" ON "eticket_user_groups" ("group_id");
CREATE INDEX IF NOT EXISTS "eticket_user_department_id_4500c00f" ON "eticket_user" ("department_id");
CREATE INDEX IF NOT EXISTS "eticket_user_section_id_fbd52ec3" ON "eticket_user" ("section_id");
CREATE UNIQUE INDEX "eticket_user_user_permissions_user_id_permission_id_01683fdb_uniq" ON "eticket_user_user_permissions" ("user_id", "permission_id");
CREATE INDEX IF NOT EXISTS "eticket_user_user_permissions_user_id_77ee1588" ON "eticket_user_user_permissions" ("user_id");
CREATE INDEX IF NOT EXISTS "eticket_user_user_permissions_permission_id_0b3e21bd" ON "eticket_user_user_permissions" ("permission_id");
CREATE INDEX IF NOT EXISTS "django_admin_log_content_type_id_c4bce8eb" ON "django_admin_log" ("content_type_id");
CREATE INDEX IF NOT EXISTS "django_admin_log_user_id_c564eba6" ON "django_admin_log" ("user_id");
CREATE INDEX IF NOT EXISTS "django_session_expire_date_a5c62663" ON "django_session" ("expire_date");
CREATE TABLE IF NOT EXISTS "django_admin_log" ("id" integer NOT NULL PRIMARY KEY AUTOINCREMENT, "action_time" datetime NOT NULL, "object_id" text NULL, "object_repr" varchar(200) NOT NULL, "change_message" text NOT NULL, "content_type_id" integer NULL REFERENCES "django_content_type" ("id") DEFERRABLE INITIALLY DEFERRED, "user_id" integer NOT NULL REFERENCES "eticket_user" ("id") DEFERRABLE INITIALLY DEFERRED, "action_flag" smallint unsigned NOT NULL CHECK ("action_flag" >= 0));
INSERT INTO "django_admin_log" VALUES(1,'2021-12-26 21:02:57.708348','1','Maintenance','[{"added": {}}]',11,1,1);
INSERT INTO "django_admin_log" VALUES(2,'2021-12-26 21:03:50.071535','2','Employees','[{"added": {}}]',11,1,1);
CREATE UNIQUE INDEX "django_content_type_app_label_model_76bd3d3b_uniq" ON "django_content_type" ("app_label", "model");
CREATE UNIQUE INDEX "auth_group_permissions_group_id_permission_id_0cd325b0_uniq" ON "auth_group_permissions" ("group_id", "permission_id");
CREATE INDEX IF NOT EXISTS "auth_group_permissions_group_id_b120cbf9" ON "auth_group_permissions" ("group_id");
CREATE INDEX IF NOT EXISTS "auth_group_permissions_permission_id_84c5c92e" ON "auth_group_permissions" ("permission_id");
CREATE UNIQUE INDEX "auth_permission_content_type_id_codename_01ab375a_uniq" ON "auth_permission" ("content_type_id", "codename");
CREATE INDEX IF NOT EXISTS "auth_permission_content_type_id_2f476e4b" ON "auth_permission" ("content_type_id");
CREATE INDEX IF NOT EXISTS "eticket_tickets_employee_id_314f9224" ON "eticket_tickets" ("employee_id");
CREATE INDEX IF NOT EXISTS "eticket_ticket_reply_ticket_id_b1dd69be" ON "eticket_ticket_reply" ("ticket_id");
CREATE UNIQUE INDEX "eticket_department_section_department_id_section_id_0fe68e5c_uniq" ON "eticket_department_section" ("department_id", "section_id");
CREATE INDEX IF NOT EXISTS "eticket_department_section_department_id_d80b620f" ON "eticket_department_section" ("department_id");
CREATE INDEX IF NOT EXISTS "eticket_department_section_section_id_39918efe" ON "eticket_department_section" ("section_id");
CREATE INDEX IF NOT EXISTS "eticket_allocation_car_id_47fdc650" ON "eticket_allocation" ("car_id");
CREATE INDEX IF NOT EXISTS "eticket_allocation_driver_name_id_b6a9fcb1" ON "eticket_allocation" ("driver_name_id");
CREATE INDEX IF NOT EXISTS "eticket_allocation_reply_id_7d5c9f4b" ON "eticket_allocation" ("reply_id");
CREATE UNIQUE INDEX "eticket_user_groups_user_id_group_id_dbcb4dbe_uniq" ON "eticket_user_groups" ("user_id", "group_id");
CREATE INDEX IF NOT EXISTS "eticket_user_groups_user_id_3a9d893f" ON "eticket_user_groups" ("user_id");
CREATE INDEX IF NOT EXISTS "eticket_user_groups_group_id_31df0ff4" ON "eticket_user_groups" ("group_id");
CREATE INDEX IF NOT EXISTS "eticket_user_department_id_4500c00f" ON "eticket_user" ("department_id");
CREATE INDEX IF NOT EXISTS "eticket_user_section_id_fbd52ec3" ON "eticket_user" ("section_id");
CREATE UNIQUE INDEX "eticket_user_user_permissions_user_id_permission_id_01683fdb_uniq" ON "eticket_user_user_permissions" ("user_id", "permission_id");
CREATE INDEX IF NOT EXISTS "eticket_user_user_permissions_user_id_77ee1588" ON "eticket_user_user_permissions" ("user_id");
CREATE INDEX IF NOT EXISTS "eticket_user_user_permissions_permission_id_0b3e21bd" ON "eticket_user_user_permissions" ("permission_id");
CREATE INDEX IF NOT EXISTS "django_admin_log_content_type_id_c4bce8eb" ON "django_admin_log" ("content_type_id");
CREATE INDEX IF NOT EXISTS "django_admin_log_user_id_c564eba6" ON "django_admin_log" ("user_id");
CREATE INDEX IF NOT EXISTS "django_session_expire_date_a5c62663" ON "django_session" ("expire_date");
CREATE TABLE IF NOT EXISTS "django_content_type" ("id" integer NOT NULL PRIMARY KEY AUTOINCREMENT, "app_label" varchar(100) NOT NULL, "model" varchar(100) NOT NULL);
INSERT INTO "django_content_type" VALUES(1,'eticket','user');
INSERT INTO "django_content_type" VALUES(2,'eticket','cars');
INSERT INTO "django_content_type" VALUES(3,'eticket','drivers');
INSERT INTO "django_content_type" VALUES(4,'eticket','section');
INSERT INTO "django_content_type" VALUES(5,'eticket','tickets');
INSERT INTO "django_content_type" VALUES(6,'eticket','ticket_reply');
INSERT INTO "django_content_type" VALUES(7,'eticket','department');
INSERT INTO "django_content_type" VALUES(8,'eticket','allocation');
INSERT INTO "django_content_type" VALUES(9,'admin','logentry');
INSERT INTO "django_content_type" VALUES(10,'auth','permission');
INSERT INTO "django_content_type" VALUES(11,'auth','group');
INSERT INTO "django_content_type" VALUES(12,'contenttypes','contenttype');
INSERT INTO "django_content_type" VALUES(13,'sessions','session');
CREATE UNIQUE INDEX "django_content_type_app_label_model_76bd3d3b_uniq" ON "django_content_type" ("app_label", "model");
CREATE UNIQUE INDEX "auth_group_permissions_group_id_permission_id_0cd325b0_uniq" ON "auth_group_permissions" ("group_id", "permission_id");
CREATE INDEX IF NOT EXISTS "auth_group_permissions_group_id_b120cbf9" ON "auth_group_permissions" ("group_id");
CREATE INDEX IF NOT EXISTS "auth_group_permissions_permission_id_84c5c92e" ON "auth_group_permissions" ("permission_id");
CREATE UNIQUE INDEX "auth_permission_content_type_id_codename_01ab375a_uniq" ON "auth_permission" ("content_type_id", "codename");
CREATE INDEX IF NOT EXISTS "auth_permission_content_type_id_2f476e4b" ON "auth_permission" ("content_type_id");
CREATE INDEX IF NOT EXISTS "eticket_tickets_employee_id_314f9224" ON "eticket_tickets" ("employee_id");
CREATE INDEX IF NOT EXISTS "eticket_ticket_reply_ticket_id_b1dd69be" ON "eticket_ticket_reply" ("ticket_id");
CREATE UNIQUE INDEX "eticket_department_section_department_id_section_id_0fe68e5c_uniq" ON "eticket_department_section" ("department_id", "section_id");
CREATE INDEX IF NOT EXISTS "eticket_department_section_department_id_d80b620f" ON "eticket_department_section" ("department_id");
CREATE INDEX IF NOT EXISTS "eticket_department_section_section_id_39918efe" ON "eticket_department_section" ("section_id");
CREATE INDEX IF NOT EXISTS "eticket_allocation_car_id_47fdc650" ON "eticket_allocation" ("car_id");
CREATE INDEX IF NOT EXISTS "eticket_allocation_driver_name_id_b6a9fcb1" ON "eticket_allocation" ("driver_name_id");
CREATE INDEX IF NOT EXISTS "eticket_allocation_reply_id_7d5c9f4b" ON "eticket_allocation" ("reply_id");
CREATE UNIQUE INDEX "eticket_user_groups_user_id_group_id_dbcb4dbe_uniq" ON "eticket_user_groups" ("user_id", "group_id");
CREATE INDEX IF NOT EXISTS "eticket_user_groups_user_id_3a9d893f" ON "eticket_user_groups" ("user_id");
CREATE INDEX IF NOT EXISTS "eticket_user_groups_group_id_31df0ff4" ON "eticket_user_groups" ("group_id");
CREATE INDEX IF NOT EXISTS "eticket_user_department_id_4500c00f" ON "eticket_user" ("department_id");
CREATE INDEX IF NOT EXISTS "eticket_user_section_id_fbd52ec3" ON "eticket_user" ("section_id");
CREATE UNIQUE INDEX "eticket_user_user_permissions_user_id_permission_id_01683fdb_uniq" ON "eticket_user_user_permissions" ("user_id", "permission_id");
CREATE INDEX IF NOT EXISTS "eticket_user_user_permissions_user_id_77ee1588" ON "eticket_user_user_permissions" ("user_id");
CREATE INDEX IF NOT EXISTS "eticket_user_user_permissions_permission_id_0b3e21bd" ON "eticket_user_user_permissions" ("permission_id");
CREATE INDEX IF NOT EXISTS "django_admin_log_content_type_id_c4bce8eb" ON "django_admin_log" ("content_type_id");
CREATE INDEX IF NOT EXISTS "django_admin_log_user_id_c564eba6" ON "django_admin_log" ("user_id");
CREATE INDEX IF NOT EXISTS "django_session_expire_date_a5c62663" ON "django_session" ("expire_date");
CREATE TABLE IF NOT EXISTS "django_migrations" ("id" integer NOT NULL PRIMARY KEY AUTOINCREMENT, "app" varchar(255) NOT NULL, "name" varchar(255) NOT NULL, "applied" datetime NOT NULL);
INSERT INTO "django_migrations" VALUES(1,'contenttypes','0001_initial','2021-12-26 20:59:26.395961');
INSERT INTO "django_migrations" VALUES(2,'contenttypes','0002_remove_content_type_name','2021-12-26 20:59:26.481119');
INSERT INTO "django_migrations" VALUES(3,'auth','0001_initial','2021-12-26 20:59:26.611798');
INSERT INTO "django_migrations" VALUES(4,'auth','0002_alter_permission_name_max_length','2021-12-26 20:59:26.686862');
INSERT INTO "django_migrations" VALUES(5,'auth','0003_alter_user_email_max_length','2021-12-26 20:59:26.772182');
INSERT INTO "django_migrations" VALUES(6,'auth','0004_alter_user_username_opts','2021-12-26 20:59:26.838702');
INSERT INTO "django_migrations" VALUES(7,'auth','0005_alter_user_last_login_null','2021-12-26 20:59:26.931585');
INSERT INTO "django_migrations" VALUES(8,'auth','0006_require_contenttypes_0002','2021-12-26 20:59:26.999700');
INSERT INTO "django_migrations" VALUES(9,'auth','0007_alter_validators_add_error_messages','2021-12-26 20:59:27.071929');
INSERT INTO "django_migrations" VALUES(10,'auth','0008_alter_user_username_max_length','2021-12-26 20:59:27.149842');
INSERT INTO "django_migrations" VALUES(11,'auth','0009_alter_user_last_name_max_length','2021-12-26 20:59:27.215197');
INSERT INTO "django_migrations" VALUES(12,'auth','0010_alter_group_name_max_length','2021-12-26 20:59:27.304691');
INSERT INTO "django_migrations" VALUES(13,'auth','0011_update_proxy_permissions','2021-12-26 20:59:27.439327');
INSERT INTO "django_migrations" VALUES(14,'auth','0012_alter_user_first_name_max_length','2021-12-26 20:59:27.513961');
INSERT INTO "django_migrations" VALUES(15,'eticket','0001_initial','2021-12-26 20:59:27.695091');
INSERT INTO "django_migrations" VALUES(16,'admin','0001_initial','2021-12-26 20:59:27.874110');
INSERT INTO "django_migrations" VALUES(17,'admin','0002_logentry_remove_auto_add','2021-12-26 20:59:27.959621');
INSERT INTO "django_migrations" VALUES(18,'admin','0003_logentry_add_action_flag_choices','2021-12-26 20:59:28.043071');
INSERT INTO "django_migrations" VALUES(19,'sessions','0001_initial','2021-12-26 20:59:28.225110');
CREATE UNIQUE INDEX "django_content_type_app_label_model_76bd3d3b_uniq" ON "django_content_type" ("app_label", "model");
CREATE UNIQUE INDEX "auth_group_permissions_group_id_permission_id_0cd325b0_uniq" ON "auth_group_permissions" ("group_id", "permission_id");
CREATE INDEX IF NOT EXISTS "auth_group_permissions_group_id_b120cbf9" ON "auth_group_permissions" ("group_id");
CREATE INDEX IF NOT EXISTS "auth_group_permissions_permission_id_84c5c92e" ON "auth_group_permissions" ("permission_id");
CREATE UNIQUE INDEX "auth_permission_content_type_id_codename_01ab375a_uniq" ON "auth_permission" ("content_type_id", "codename");
CREATE INDEX IF NOT EXISTS "auth_permission_content_type_id_2f476e4b" ON "auth_permission" ("content_type_id");
CREATE INDEX IF NOT EXISTS "eticket_tickets_employee_id_314f9224" ON "eticket_tickets" ("employee_id");
CREATE INDEX IF NOT EXISTS "eticket_ticket_reply_ticket_id_b1dd69be" ON "eticket_ticket_reply" ("ticket_id");
CREATE UNIQUE INDEX "eticket_department_section_department_id_section_id_0fe68e5c_uniq" ON "eticket_department_section" ("department_id", "section_id");
CREATE INDEX IF NOT EXISTS "eticket_department_section_department_id_d80b620f" ON "eticket_department_section" ("department_id");
CREATE INDEX IF NOT EXISTS "eticket_department_section_section_id_39918efe" ON "eticket_department_section" ("section_id");
CREATE INDEX IF NOT EXISTS "eticket_allocation_car_id_47fdc650" ON "eticket_allocation" ("car_id");
CREATE INDEX IF NOT EXISTS "eticket_allocation_driver_name_id_b6a9fcb1" ON "eticket_allocation" ("driver_name_id");
CREATE INDEX IF NOT EXISTS "eticket_allocation_reply_id_7d5c9f4b" ON "eticket_allocation" ("reply_id");
CREATE UNIQUE INDEX "eticket_user_groups_user_id_group_id_dbcb4dbe_uniq" ON "eticket_user_groups" ("user_id", "group_id");
CREATE INDEX IF NOT EXISTS "eticket_user_groups_user_id_3a9d893f" ON "eticket_user_groups" ("user_id");
CREATE INDEX IF NOT EXISTS "eticket_user_groups_group_id_31df0ff4" ON "eticket_user_groups" ("group_id");
CREATE INDEX IF NOT EXISTS "eticket_user_department_id_4500c00f" ON "eticket_user" ("department_id");
CREATE INDEX IF NOT EXISTS "eticket_user_section_id_fbd52ec3" ON "eticket_user" ("section_id");
CREATE UNIQUE INDEX "eticket_user_user_permissions_user_id_permission_id_01683fdb_uniq" ON "eticket_user_user_permissions" ("user_id", "permission_id");
CREATE INDEX IF NOT EXISTS "eticket_user_user_permissions_user_id_77ee1588" ON "eticket_user_user_permissions" ("user_id");
CREATE INDEX IF NOT EXISTS "eticket_user_user_permissions_permission_id_0b3e21bd" ON "eticket_user_user_permissions" ("permission_id");
CREATE INDEX IF NOT EXISTS "django_admin_log_content_type_id_c4bce8eb" ON "django_admin_log" ("content_type_id");
CREATE INDEX IF NOT EXISTS "django_admin_log_user_id_c564eba6" ON "django_admin_log" ("user_id");
CREATE INDEX IF NOT EXISTS "django_session_expire_date_a5c62663" ON "django_session" ("expire_date");
CREATE TABLE IF NOT EXISTS "django_session" ("session_key" varchar(40) NOT NULL PRIMARY KEY, "session_data" text NOT NULL, "expire_date" datetime NOT NULL);
INSERT INTO "django_session" VALUES('9cueeyvv6stwt2h0g7bl30qlq5bm734g','.eJxVjDsOwjAQBe_iGlnrXxRT0nMGa9f24gCypTipIu5OIqWA9s3M20TAdSlh7XkOUxJXocTldyOMr1wPkJ5YH03GVpd5Inko8qRd3lvK79vp_h0U7GWvh-yssmNCY9iNWpN3WjMCInsCgJ1TTtp6HxmMYp888BANKcWRchSfL9tPOFM:1n1Xok:-odp1q1SYnnloMBwva9zYhsaIwINb02luzOYsiM66TM','2022-01-09 21:00:22.817554');
CREATE UNIQUE INDEX "django_content_type_app_label_model_76bd3d3b_uniq" ON "django_content_type" ("app_label", "model");
CREATE UNIQUE INDEX "auth_group_permissions_group_id_permission_id_0cd325b0_uniq" ON "auth_group_permissions" ("group_id", "permission_id");
CREATE INDEX IF NOT EXISTS "auth_group_permissions_group_id_b120cbf9" ON "auth_group_permissions" ("group_id");
CREATE INDEX IF NOT EXISTS "auth_group_permissions_permission_id_84c5c92e" ON "auth_group_permissions" ("permission_id");
CREATE UNIQUE INDEX "auth_permission_content_type_id_codename_01ab375a_uniq" ON "auth_permission" ("content_type_id", "codename");
CREATE INDEX IF NOT EXISTS "auth_permission_content_type_id_2f476e4b" ON "auth_permission" ("content_type_id");
CREATE INDEX IF NOT EXISTS "eticket_tickets_employee_id_314f9224" ON "eticket_tickets" ("employee_id");
CREATE INDEX IF NOT EXISTS "eticket_ticket_reply_ticket_id_b1dd69be" ON "eticket_ticket_reply" ("ticket_id");
CREATE UNIQUE INDEX "eticket_department_section_department_id_section_id_0fe68e5c_uniq" ON "eticket_department_section" ("department_id", "section_id");
CREATE INDEX IF NOT EXISTS "eticket_department_section_department_id_d80b620f" ON "eticket_department_section" ("department_id");
CREATE INDEX IF NOT EXISTS "eticket_department_section_section_id_39918efe" ON "eticket_department_section" ("section_id");
CREATE INDEX IF NOT EXISTS "eticket_allocation_car_id_47fdc650" ON "eticket_allocation" ("car_id");
CREATE INDEX IF NOT EXISTS "eticket_allocation_driver_name_id_b6a9fcb1" ON "eticket_allocation" ("driver_name_id");
CREATE INDEX IF NOT EXISTS "eticket_allocation_reply_id_7d5c9f4b" ON "eticket_allocation" ("reply_id");
CREATE UNIQUE INDEX "eticket_user_groups_user_id_group_id_dbcb4dbe_uniq" ON "eticket_user_groups" ("user_id", "group_id");
CREATE INDEX IF NOT EXISTS "eticket_user_groups_user_id_3a9d893f" ON "eticket_user_groups" ("user_id");
CREATE INDEX IF NOT EXISTS "eticket_user_groups_group_id_31df0ff4" ON "eticket_user_groups" ("group_id");
CREATE INDEX IF NOT EXISTS "eticket_user_department_id_4500c00f" ON "eticket_user" ("department_id");
CREATE INDEX IF NOT EXISTS "eticket_user_section_id_fbd52ec3" ON "eticket_user" ("section_id");
CREATE UNIQUE INDEX "eticket_user_user_permissions_user_id_permission_id_01683fdb_uniq" ON "eticket_user_user_permissions" ("user_id", "permission_id");
CREATE INDEX IF NOT EXISTS "eticket_user_user_permissions_user_id_77ee1588" ON "eticket_user_user_permissions" ("user_id");
CREATE INDEX IF NOT EXISTS "eticket_user_user_permissions_permission_id_0b3e21bd" ON "eticket_user_user_permissions" ("permission_id");
CREATE INDEX IF NOT EXISTS "django_admin_log_content_type_id_c4bce8eb" ON "django_admin_log" ("content_type_id");
CREATE INDEX IF NOT EXISTS "django_admin_log_user_id_c564eba6" ON "django_admin_log" ("user_id");
CREATE INDEX IF NOT EXISTS "django_session_expire_date_a5c62663" ON "django_session" ("expire_date");
CREATE TABLE IF NOT EXISTS "eticket_allocation" ("id" integer NOT NULL PRIMARY KEY AUTOINCREMENT, "allocate_date" date NULL, "state" bool NOT NULL, "allocation_time" datetime NOT NULL, "car_id" integer NULL REFERENCES "eticket_cars" ("id") DEFERRABLE INITIALLY DEFERRED, "driver_name_id" integer NULL REFERENCES "eticket_drivers" ("id") DEFERRABLE INITIALLY DEFERRED, "reply_id" integer NULL REFERENCES "eticket_ticket_reply" ("id") DEFERRABLE INITIALLY DEFERRED);
CREATE UNIQUE INDEX "django_content_type_app_label_model_76bd3d3b_uniq" ON "django_content_type" ("app_label", "model");
CREATE UNIQUE INDEX "auth_group_permissions_group_id_permission_id_0cd325b0_uniq" ON "auth_group_permissions" ("group_id", "permission_id");
CREATE INDEX IF NOT EXISTS "auth_group_permissions_group_id_b120cbf9" ON "auth_group_permissions" ("group_id");
CREATE INDEX IF NOT EXISTS "auth_group_permissions_permission_id_84c5c92e" ON "auth_group_permissions" ("permission_id");
CREATE UNIQUE INDEX "auth_permission_content_type_id_codename_01ab375a_uniq" ON "auth_permission" ("content_type_id", "codename");
CREATE INDEX IF NOT EXISTS "auth_permission_content_type_id_2f476e4b" ON "auth_permission" ("content_type_id");
CREATE INDEX IF NOT EXISTS "eticket_tickets_employee_id_314f9224" ON "eticket_tickets" ("employee_id");
CREATE INDEX IF NOT EXISTS "eticket_ticket_reply_ticket_id_b1dd69be" ON "eticket_ticket_reply" ("ticket_id");
CREATE UNIQUE INDEX "eticket_department_section_department_id_section_id_0fe68e5c_uniq" ON "eticket_department_section" ("department_id", "section_id");
CREATE INDEX IF NOT EXISTS "eticket_department_section_department_id_d80b620f" ON "eticket_department_section" ("department_id");
CREATE INDEX IF NOT EXISTS "eticket_department_section_section_id_39918efe" ON "eticket_department_section" ("section_id");
CREATE INDEX IF NOT EXISTS "eticket_allocation_car_id_47fdc650" ON "eticket_allocation" ("car_id");
CREATE INDEX IF NOT EXISTS "eticket_allocation_driver_name_id_b6a9fcb1" ON "eticket_allocation" ("driver_name_id");
CREATE INDEX IF NOT EXISTS "eticket_allocation_reply_id_7d5c9f4b" ON "eticket_allocation" ("reply_id");
CREATE UNIQUE INDEX "eticket_user_groups_user_id_group_id_dbcb4dbe_uniq" ON "eticket_user_groups" ("user_id", "group_id");
CREATE INDEX IF NOT EXISTS "eticket_user_groups_user_id_3a9d893f" ON "eticket_user_groups" ("user_id");
CREATE INDEX IF NOT EXISTS "eticket_user_groups_group_id_31df0ff4" ON "eticket_user_groups" ("group_id");
CREATE INDEX IF NOT EXISTS "eticket_user_department_id_4500c00f" ON "eticket_user" ("department_id");
CREATE INDEX IF NOT EXISTS "eticket_user_section_id_fbd52ec3" ON "eticket_user" ("section_id");
CREATE UNIQUE INDEX "eticket_user_user_permissions_user_id_permission_id_01683fdb_uniq" ON "eticket_user_user_permissions" ("user_id", "permission_id");
CREATE INDEX IF NOT EXISTS "eticket_user_user_permissions_user_id_77ee1588" ON "eticket_user_user_permissions" ("user_id");
CREATE INDEX IF NOT EXISTS "eticket_user_user_permissions_permission_id_0b3e21bd" ON "eticket_user_user_permissions" ("permission_id");
CREATE INDEX IF NOT EXISTS "django_admin_log_content_type_id_c4bce8eb" ON "django_admin_log" ("content_type_id");
CREATE INDEX IF NOT EXISTS "django_admin_log_user_id_c564eba6" ON "django_admin_log" ("user_id");
CREATE INDEX IF NOT EXISTS "django_session_expire_date_a5c62663" ON "django_session" ("expire_date");
CREATE TABLE IF NOT EXISTS "eticket_cars" ("id" integer NOT NULL PRIMARY KEY AUTOINCREMENT, "car_type" varchar(100) NULL);
CREATE UNIQUE INDEX "django_content_type_app_label_model_76bd3d3b_uniq" ON "django_content_type" ("app_label", "model");
CREATE UNIQUE INDEX "auth_group_permissions_group_id_permission_id_0cd325b0_uniq" ON "auth_group_permissions" ("group_id", "permission_id");
CREATE INDEX IF NOT EXISTS "auth_group_permissions_group_id_b120cbf9" ON "auth_group_permissions" ("group_id");
CREATE INDEX IF NOT EXISTS "auth_group_permissions_permission_id_84c5c92e" ON "auth_group_permissions" ("permission_id");
CREATE UNIQUE INDEX "auth_permission_content_type_id_codename_01ab375a_uniq" ON "auth_permission" ("content_type_id", "codename");
CREATE INDEX IF NOT EXISTS "auth_permission_content_type_id_2f476e4b" ON "auth_permission" ("content_type_id");
CREATE INDEX IF NOT EXISTS "eticket_tickets_employee_id_314f9224" ON "eticket_tickets" ("employee_id");
CREATE INDEX IF NOT EXISTS "eticket_ticket_reply_ticket_id_b1dd69be" ON "eticket_ticket_reply" ("ticket_id");
CREATE UNIQUE INDEX "eticket_department_section_department_id_section_id_0fe68e5c_uniq" ON "eticket_department_section" ("department_id", "section_id");
CREATE INDEX IF NOT EXISTS "eticket_department_section_department_id_d80b620f" ON "eticket_department_section" ("department_id");
CREATE INDEX IF NOT EXISTS "eticket_department_section_section_id_39918efe" ON "eticket_department_section" ("section_id");
CREATE INDEX IF NOT EXISTS "eticket_allocation_car_id_47fdc650" ON "eticket_allocation" ("car_id");
CREATE INDEX IF NOT EXISTS "eticket_allocation_driver_name_id_b6a9fcb1" ON "eticket_allocation" ("driver_name_id");
CREATE INDEX IF NOT EXISTS "eticket_allocation_reply_id_7d5c9f4b" ON "eticket_allocation" ("reply_id");
CREATE UNIQUE INDEX "eticket_user_groups_user_id_group_id_dbcb4dbe_uniq" ON "eticket_user_groups" ("user_id", "group_id");
CREATE INDEX IF NOT EXISTS "eticket_user_groups_user_id_3a9d893f" ON "eticket_user_groups" ("user_id");
CREATE INDEX IF NOT EXISTS "eticket_user_groups_group_id_31df0ff4" ON "eticket_user_groups" ("group_id");
CREATE INDEX IF NOT EXISTS "eticket_user_department_id_4500c00f" ON "eticket_user" ("department_id");
CREATE INDEX IF NOT EXISTS "eticket_user_section_id_fbd52ec3" ON "eticket_user" ("section_id");
CREATE UNIQUE INDEX "eticket_user_user_permissions_user_id_permission_id_01683fdb_uniq" ON "eticket_user_user_permissions" ("user_id", "permission_id");
CREATE INDEX IF NOT EXISTS "eticket_user_user_permissions_user_id_77ee1588" ON "eticket_user_user_permissions" ("user_id");
CREATE INDEX IF NOT EXISTS "eticket_user_user_permissions_permission_id_0b3e21bd" ON "eticket_user_user_permissions" ("permission_id");
CREATE INDEX IF NOT EXISTS "django_admin_log_content_type_id_c4bce8eb" ON "django_admin_log" ("content_type_id");
CREATE INDEX IF NOT EXISTS "django_admin_log_user_id_c564eba6" ON "django_admin_log" ("user_id");
CREATE INDEX IF NOT EXISTS "django_session_expire_date_a5c62663" ON "django_session" ("expire_date");
CREATE TABLE IF NOT EXISTS "eticket_department" ("id" integer NOT NULL PRIMARY KEY AUTOINCREMENT, "department_name" varchar(64) NULL);
CREATE UNIQUE INDEX "django_content_type_app_label_model_76bd3d3b_uniq" ON "django_content_type" ("app_label", "model");
CREATE UNIQUE INDEX "auth_group_permissions_group_id_permission_id_0cd325b0_uniq" ON "auth_group_permissions" ("group_id", "permission_id");
CREATE INDEX IF NOT EXISTS "auth_group_permissions_group_id_b120cbf9" ON "auth_group_permissions" ("group_id");
CREATE INDEX IF NOT EXISTS "auth_group_permissions_permission_id_84c5c92e" ON "auth_group_permissions" ("permission_id");
CREATE UNIQUE INDEX "auth_permission_content_type_id_codename_01ab375a_uniq" ON "auth_permission" ("content_type_id", "codename");
CREATE INDEX IF NOT EXISTS "auth_permission_content_type_id_2f476e4b" ON "auth_permission" ("content_type_id");
CREATE INDEX IF NOT EXISTS "eticket_tickets_employee_id_314f9224" ON "eticket_tickets" ("employee_id");
CREATE INDEX IF NOT EXISTS "eticket_ticket_reply_ticket_id_b1dd69be" ON "eticket_ticket_reply" ("ticket_id");
CREATE UNIQUE INDEX "eticket_department_section_department_id_section_id_0fe68e5c_uniq" ON "eticket_department_section" ("department_id", "section_id");
CREATE INDEX IF NOT EXISTS "eticket_department_section_department_id_d80b620f" ON "eticket_department_section" ("department_id");
CREATE INDEX IF NOT EXISTS "eticket_department_section_section_id_39918efe" ON "eticket_department_section" ("section_id");
CREATE INDEX IF NOT EXISTS "eticket_allocation_car_id_47fdc650" ON "eticket_allocation" ("car_id");
CREATE INDEX IF NOT EXISTS "eticket_allocation_driver_name_id_b6a9fcb1" ON "eticket_allocation" ("driver_name_id");
CREATE INDEX IF NOT EXISTS "eticket_allocation_reply_id_7d5c9f4b" ON "eticket_allocation" ("reply_id");
CREATE UNIQUE INDEX "eticket_user_groups_user_id_group_id_dbcb4dbe_uniq" ON "eticket_user_groups" ("user_id", "group_id");
CREATE INDEX IF NOT EXISTS "eticket_user_groups_user_id_3a9d893f" ON "eticket_user_groups" ("user_id");
CREATE INDEX IF NOT EXISTS "eticket_user_groups_group_id_31df0ff4" ON "eticket_user_groups" ("group_id");
CREATE INDEX IF NOT EXISTS "eticket_user_department_id_4500c00f" ON "eticket_user" ("department_id");
CREATE INDEX IF NOT EXISTS "eticket_user_section_id_fbd52ec3" ON "eticket_user" ("section_id");
CREATE UNIQUE INDEX "eticket_user_user_permissions_user_id_permission_id_01683fdb_uniq" ON "eticket_user_user_permissions" ("user_id", "permission_id");
CREATE INDEX IF NOT EXISTS "eticket_user_user_permissions_user_id_77ee1588" ON "eticket_user_user_permissions" ("user_id");
CREATE INDEX IF NOT EXISTS "eticket_user_user_permissions_permission_id_0b3e21bd" ON "eticket_user_user_permissions" ("permission_id");
CREATE INDEX IF NOT EXISTS "django_admin_log_content_type_id_c4bce8eb" ON "django_admin_log" ("content_type_id");
CREATE INDEX IF NOT EXISTS "django_admin_log_user_id_c564eba6" ON "django_admin_log" ("user_id");
CREATE INDEX IF NOT EXISTS "django_session_expire_date_a5c62663" ON "django_session" ("expire_date");
CREATE TABLE IF NOT EXISTS "eticket_department_section" ("id" integer NOT NULL PRIMARY KEY AUTOINCREMENT, "department_id" integer NOT NULL REFERENCES "eticket_department" ("id") DEFERRABLE INITIALLY DEFERRED, "section_id" integer NOT NULL REFERENCES "eticket_section" ("id") DEFERRABLE INITIALLY DEFERRED);
CREATE UNIQUE INDEX "django_content_type_app_label_model_76bd3d3b_uniq" ON "django_content_type" ("app_label", "model");
CREATE UNIQUE INDEX "auth_group_permissions_group_id_permission_id_0cd325b0_uniq" ON "auth_group_permissions" ("group_id", "permission_id");
CREATE INDEX IF NOT EXISTS "auth_group_permissions_group_id_b120cbf9" ON "auth_group_permissions" ("group_id");
CREATE INDEX IF NOT EXISTS "auth_group_permissions_permission_id_84c5c92e" ON "auth_group_permissions" ("permission_id");
CREATE UNIQUE INDEX "auth_permission_content_type_id_codename_01ab375a_uniq" ON "auth_permission" ("content_type_id", "codename");
CREATE INDEX IF NOT EXISTS "auth_permission_content_type_id_2f476e4b" ON "auth_permission" ("content_type_id");
CREATE INDEX IF NOT EXISTS "eticket_tickets_employee_id_314f9224" ON "eticket_tickets" ("employee_id");
CREATE INDEX IF NOT EXISTS "eticket_ticket_reply_ticket_id_b1dd69be" ON "eticket_ticket_reply" ("ticket_id");
CREATE UNIQUE INDEX "eticket_department_section_department_id_section_id_0fe68e5c_uniq" ON "eticket_department_section" ("department_id", "section_id");
CREATE INDEX IF NOT EXISTS "eticket_department_section_department_id_d80b620f" ON "eticket_department_section" ("department_id");
CREATE INDEX IF NOT EXISTS "eticket_department_section_section_id_39918efe" ON "eticket_department_section" ("section_id");
CREATE INDEX IF NOT EXISTS "eticket_allocation_car_id_47fdc650" ON "eticket_allocation" ("car_id");
CREATE INDEX IF NOT EXISTS "eticket_allocation_driver_name_id_b6a9fcb1" ON "eticket_allocation" ("driver_name_id");
CREATE INDEX IF NOT EXISTS "eticket_allocation_reply_id_7d5c9f4b" ON "eticket_allocation" ("reply_id");
CREATE UNIQUE INDEX "eticket_user_groups_user_id_group_id_dbcb4dbe_uniq" ON "eticket_user_groups" ("user_id", "group_id");
CREATE INDEX IF NOT EXISTS "eticket_user_groups_user_id_3a9d893f" ON "eticket_user_groups" ("user_id");
CREATE INDEX IF NOT EXISTS "eticket_user_groups_group_id_31df0ff4" ON "eticket_user_groups" ("group_id");
CREATE INDEX IF NOT EXISTS "eticket_user_department_id_4500c00f" ON "eticket_user" ("department_id");
CREATE INDEX IF NOT EXISTS "eticket_user_section_id_fbd52ec3" ON "eticket_user" ("section_id");
CREATE UNIQUE INDEX "eticket_user_user_permissions_user_id_permission_id_01683fdb_uniq" ON "eticket_user_user_permissions" ("user_id", "permission_id");
CREATE INDEX IF NOT EXISTS "eticket_user_user_permissions_user_id_77ee1588" ON "eticket_user_user_permissions" ("user_id");
CREATE INDEX IF NOT EXISTS "eticket_user_user_permissions_permission_id_0b3e21bd" ON "eticket_user_user_permissions" ("permission_id");
CREATE INDEX IF NOT EXISTS "django_admin_log_content_type_id_c4bce8eb" ON "django_admin_log" ("content_type_id");
CREATE INDEX IF NOT EXISTS "django_admin_log_user_id_c564eba6" ON "django_admin_log" ("user_id");
CREATE INDEX IF NOT EXISTS "django_session_expire_date_a5c62663" ON "django_session" ("expire_date");
CREATE TABLE IF NOT EXISTS "eticket_drivers" ("id" integer NOT NULL PRIMARY KEY AUTOINCREMENT, "driver_name" varchar(100) NULL);
CREATE UNIQUE INDEX "django_content_type_app_label_model_76bd3d3b_uniq" ON "django_content_type" ("app_label", "model");
CREATE UNIQUE INDEX "auth_group_permissions_group_id_permission_id_0cd325b0_uniq" ON "auth_group_permissions" ("group_id", "permission_id");
CREATE INDEX IF NOT EXISTS "auth_group_permissions_group_id_b120cbf9" ON "auth_group_permissions" ("group_id");
CREATE INDEX IF NOT EXISTS "auth_group_permissions_permission_id_84c5c92e" ON "auth_group_permissions" ("permission_id");
CREATE UNIQUE INDEX "auth_permission_content_type_id_codename_01ab375a_uniq" ON "auth_permission" ("content_type_id", "codename");
CREATE INDEX IF NOT EXISTS "auth_permission_content_type_id_2f476e4b" ON "auth_permission" ("content_type_id");
CREATE INDEX IF NOT EXISTS "eticket_tickets_employee_id_314f9224" ON "eticket_tickets" ("employee_id");
CREATE INDEX IF NOT EXISTS "eticket_ticket_reply_ticket_id_b1dd69be" ON "eticket_ticket_reply" ("ticket_id");
CREATE UNIQUE INDEX "eticket_department_section_department_id_section_id_0fe68e5c_uniq" ON "eticket_department_section" ("department_id", "section_id");
CREATE INDEX IF NOT EXISTS "eticket_department_section_department_id_d80b620f" ON "eticket_department_section" ("department_id");
CREATE INDEX IF NOT EXISTS "eticket_department_section_section_id_39918efe" ON "eticket_department_section" ("section_id");
CREATE INDEX IF NOT EXISTS "eticket_allocation_car_id_47fdc650" ON "eticket_allocation" ("car_id");
CREATE INDEX IF NOT EXISTS "eticket_allocation_driver_name_id_b6a9fcb1" ON "eticket_allocation" ("driver_name_id");
CREATE INDEX IF NOT EXISTS "eticket_allocation_reply_id_7d5c9f4b" ON "eticket_allocation" ("reply_id");
CREATE UNIQUE INDEX "eticket_user_groups_user_id_group_id_dbcb4dbe_uniq" ON "eticket_user_groups" ("user_id", "group_id");
CREATE INDEX IF NOT EXISTS "eticket_user_groups_user_id_3a9d893f" ON "eticket_user_groups" ("user_id");
CREATE INDEX IF NOT EXISTS "eticket_user_groups_group_id_31df0ff4" ON "eticket_user_groups" ("group_id");
CREATE INDEX IF NOT EXISTS "eticket_user_department_id_4500c00f" ON "eticket_user" ("department_id");
CREATE INDEX IF NOT EXISTS "eticket_user_section_id_fbd52ec3" ON "eticket_user" ("section_id");
CREATE UNIQUE INDEX "eticket_user_user_permissions_user_id_permission_id_01683fdb_uniq" ON "eticket_user_user_permissions" ("user_id", "permission_id");
CREATE INDEX IF NOT EXISTS "eticket_user_user_permissions_user_id_77ee1588" ON "eticket_user_user_permissions" ("user_id");
CREATE INDEX IF NOT EXISTS "eticket_user_user_permissions_permission_id_0b3e21bd" ON "eticket_user_user_permissions" ("permission_id");
CREATE INDEX IF NOT EXISTS "django_admin_log_content_type_id_c4bce8eb" ON "django_admin_log" ("content_type_id");
CREATE INDEX IF NOT EXISTS "django_admin_log_user_id_c564eba6" ON "django_admin_log" ("user_id");
CREATE INDEX IF NOT EXISTS "django_session_expire_date_a5c62663" ON "django_session" ("expire_date");
CREATE TABLE IF NOT EXISTS "eticket_section" ("id" integer NOT NULL PRIMARY KEY AUTOINCREMENT, "section_name" varchar(64) NULL);
CREATE UNIQUE INDEX "django_content_type_app_label_model_76bd3d3b_uniq" ON "django_content_type" ("app_label", "model");
CREATE UNIQUE INDEX "auth_group_permissions_group_id_permission_id_0cd325b0_uniq" ON "auth_group_permissions" ("group_id", "permission_id");
CREATE INDEX IF NOT EXISTS "auth_group_permissions_group_id_b120cbf9" ON "auth_group_permissions" ("group_id");
CREATE INDEX IF NOT EXISTS "auth_group_permissions_permission_id_84c5c92e" ON "auth_group_permissions" ("permission_id");
CREATE UNIQUE INDEX "auth_permission_content_type_id_codename_01ab375a_uniq" ON "auth_permission" ("content_type_id", "codename");
CREATE INDEX IF NOT EXISTS "auth_permission_content_type_id_2f476e4b" ON "auth_permission" ("content_type_id");
CREATE INDEX IF NOT EXISTS "eticket_tickets_employee_id_314f9224" ON "eticket_tickets" ("employee_id");
CREATE INDEX IF NOT EXISTS "eticket_ticket_reply_ticket_id_b1dd69be" ON "eticket_ticket_reply" ("ticket_id");
CREATE UNIQUE INDEX "eticket_department_section_department_id_section_id_0fe68e5c_uniq" ON "eticket_department_section" ("department_id", "section_id");
CREATE INDEX IF NOT EXISTS "eticket_department_section_department_id_d80b620f" ON "eticket_department_section" ("department_id");
CREATE INDEX IF NOT EXISTS "eticket_department_section_section_id_39918efe" ON "eticket_department_section" ("section_id");
CREATE INDEX IF NOT EXISTS "eticket_allocation_car_id_47fdc650" ON "eticket_allocation" ("car_id");
CREATE INDEX IF NOT EXISTS "eticket_allocation_driver_name_id_b6a9fcb1" ON "eticket_allocation" ("driver_name_id");
CREATE INDEX IF NOT EXISTS "eticket_allocation_reply_id_7d5c9f4b" ON "eticket_allocation" ("reply_id");
CREATE UNIQUE INDEX "eticket_user_groups_user_id_group_id_dbcb4dbe_uniq" ON "eticket_user_groups" ("user_id", "group_id");
CREATE INDEX IF NOT EXISTS "eticket_user_groups_user_id_3a9d893f" ON "eticket_user_groups" ("user_id");
CREATE INDEX IF NOT EXISTS "eticket_user_groups_group_id_31df0ff4" ON "eticket_user_groups" ("group_id");
CREATE INDEX IF NOT EXISTS "eticket_user_department_id_4500c00f" ON "eticket_user" ("department_id");
CREATE INDEX IF NOT EXISTS "eticket_user_section_id_fbd52ec3" ON "eticket_user" ("section_id");
CREATE UNIQUE INDEX "eticket_user_user_permissions_user_id_permission_id_01683fdb_uniq" ON "eticket_user_user_permissions" ("user_id", "permission_id");
CREATE INDEX IF NOT EXISTS "eticket_user_user_permissions_user_id_77ee1588" ON "eticket_user_user_permissions" ("user_id");
CREATE INDEX IF NOT EXISTS "eticket_user_user_permissions_permission_id_0b3e21bd" ON "eticket_user_user_permissions" ("permission_id");
CREATE INDEX IF NOT EXISTS "django_admin_log_content_type_id_c4bce8eb" ON "django_admin_log" ("content_type_id");
CREATE INDEX IF NOT EXISTS "django_admin_log_user_id_c564eba6" ON "django_admin_log" ("user_id");
CREATE INDEX IF NOT EXISTS "django_session_expire_date_a5c62663" ON "django_session" ("expire_date");
CREATE TABLE IF NOT EXISTS "eticket_ticket_reply" ("id" integer NOT NULL PRIMARY KEY AUTOINCREMENT, "notes" varchar(100) NULL, "memorandum_statue" varchar(30) NOT NULL, "ticket_id" integer NOT NULL REFERENCES "eticket_tickets" ("id") DEFERRABLE INITIALLY DEFERRED);
CREATE UNIQUE INDEX "django_content_type_app_label_model_76bd3d3b_uniq" ON "django_content_type" ("app_label", "model");
CREATE UNIQUE INDEX "auth_group_permissions_group_id_permission_id_0cd325b0_uniq" ON "auth_group_permissions" ("group_id", "permission_id");
CREATE INDEX IF NOT EXISTS "auth_group_permissions_group_id_b120cbf9" ON "auth_group_permissions" ("group_id");
CREATE INDEX IF NOT EXISTS "auth_group_permissions_permission_id_84c5c92e" ON "auth_group_permissions" ("permission_id");
CREATE UNIQUE INDEX "auth_permission_content_type_id_codename_01ab375a_uniq" ON "auth_permission" ("content_type_id", "codename");
CREATE INDEX IF NOT EXISTS "auth_permission_content_type_id_2f476e4b" ON "auth_permission" ("content_type_id");
CREATE INDEX IF NOT EXISTS "eticket_tickets_employee_id_314f9224" ON "eticket_tickets" ("employee_id");
CREATE INDEX IF NOT EXISTS "eticket_ticket_reply_ticket_id_b1dd69be" ON "eticket_ticket_reply" ("ticket_id");
CREATE UNIQUE INDEX "eticket_department_section_department_id_section_id_0fe68e5c_uniq" ON "eticket_department_section" ("department_id", "section_id");
CREATE INDEX IF NOT EXISTS "eticket_department_section_department_id_d80b620f" ON "eticket_department_section" ("department_id");
CREATE INDEX IF NOT EXISTS "eticket_department_section_section_id_39918efe" ON "eticket_department_section" ("section_id");
CREATE INDEX IF NOT EXISTS "eticket_allocation_car_id_47fdc650" ON "eticket_allocation" ("car_id");
CREATE INDEX IF NOT EXISTS "eticket_allocation_driver_name_id_b6a9fcb1" ON "eticket_allocation" ("driver_name_id");
CREATE INDEX IF NOT EXISTS "eticket_allocation_reply_id_7d5c9f4b" ON "eticket_allocation" ("reply_id");
CREATE UNIQUE INDEX "eticket_user_groups_user_id_group_id_dbcb4dbe_uniq" ON "eticket_user_groups" ("user_id", "group_id");
CREATE INDEX IF NOT EXISTS "eticket_user_groups_user_id_3a9d893f" ON "eticket_user_groups" ("user_id");
CREATE INDEX IF NOT EXISTS "eticket_user_groups_group_id_31df0ff4" ON "eticket_user_groups" ("group_id");
CREATE INDEX IF NOT EXISTS "eticket_user_department_id_4500c00f" ON "eticket_user" ("department_id");
CREATE INDEX IF NOT EXISTS "eticket_user_section_id_fbd52ec3" ON "eticket_user" ("section_id");
CREATE UNIQUE INDEX "eticket_user_user_permissions_user_id_permission_id_01683fdb_uniq" ON "eticket_user_user_permissions" ("user_id", "permission_id");
CREATE INDEX IF NOT EXISTS "eticket_user_user_permissions_user_id_77ee1588" ON "eticket_user_user_permissions" ("user_id");
CREATE INDEX IF NOT EXISTS "eticket_user_user_permissions_permission_id_0b3e21bd" ON "eticket_user_user_permissions" ("permission_id");
CREATE INDEX IF NOT EXISTS "django_admin_log_content_type_id_c4bce8eb" ON "django_admin_log" ("content_type_id");
CREATE INDEX IF NOT EXISTS "django_admin_log_user_id_c564eba6" ON "django_admin_log" ("user_id");
CREATE INDEX IF NOT EXISTS "django_session_expire_date_a5c62663" ON "django_session" ("expire_date");
CREATE TABLE IF NOT EXISTS "eticket_tickets" ("id" integer NOT NULL PRIMARY KEY AUTOINCREMENT, "tour_type" varchar(20) NULL, "tour_name" varchar(100) NULL, "tour_date" date NULL, "tour_duration" integer NULL, "unallocated_days" integer NULL, "expected_end_tour" date NULL, "memorandum" varchar(100) NULL, "status" bool NOT NULL, "ticket_date" date NOT NULL, "notes" varchar(100) NULL, "employee_id" integer NOT NULL REFERENCES "eticket_user" ("id") DEFERRABLE INITIALLY DEFERRED);
CREATE UNIQUE INDEX "django_content_type_app_label_model_76bd3d3b_uniq" ON "django_content_type" ("app_label", "model");
CREATE UNIQUE INDEX "auth_group_permissions_group_id_permission_id_0cd325b0_uniq" ON "auth_group_permissions" ("group_id", "permission_id");
CREATE INDEX IF NOT EXISTS "auth_group_permissions_group_id_b120cbf9" ON "auth_group_permissions" ("group_id");
CREATE INDEX IF NOT EXISTS "auth_group_permissions_permission_id_84c5c92e" ON "auth_group_permissions" ("permission_id");
CREATE UNIQUE INDEX "auth_permission_content_type_id_codename_01ab375a_uniq" ON "auth_permission" ("content_type_id", "codename");
CREATE INDEX IF NOT EXISTS "auth_permission_content_type_id_2f476e4b" ON "auth_permission" ("content_type_id");
CREATE INDEX IF NOT EXISTS "eticket_tickets_employee_id_314f9224" ON "eticket_tickets" ("employee_id");
CREATE INDEX IF NOT EXISTS "eticket_ticket_reply_ticket_id_b1dd69be" ON "eticket_ticket_reply" ("ticket_id");
CREATE UNIQUE INDEX "eticket_department_section_department_id_section_id_0fe68e5c_uniq" ON "eticket_department_section" ("department_id", "section_id");
CREATE INDEX IF NOT EXISTS "eticket_department_section_department_id_d80b620f" ON "eticket_department_section" ("department_id");
CREATE INDEX IF NOT EXISTS "eticket_department_section_section_id_39918efe" ON "eticket_department_section" ("section_id");
CREATE INDEX IF NOT EXISTS "eticket_allocation_car_id_47fdc650" ON "eticket_allocation" ("car_id");
CREATE INDEX IF NOT EXISTS "eticket_allocation_driver_name_id_b6a9fcb1" ON "eticket_allocation" ("driver_name_id");
CREATE INDEX IF NOT EXISTS "eticket_allocation_reply_id_7d5c9f4b" ON "eticket_allocation" ("reply_id");
CREATE UNIQUE INDEX "eticket_user_groups_user_id_group_id_dbcb4dbe_uniq" ON "eticket_user_groups" ("user_id", "group_id");
CREATE INDEX IF NOT EXISTS "eticket_user_groups_user_id_3a9d893f" ON "eticket_user_groups" ("user_id");
CREATE INDEX IF NOT EXISTS "eticket_user_groups_group_id_31df0ff4" ON "eticket_user_groups" ("group_id");
CREATE INDEX IF NOT EXISTS "eticket_user_department_id_4500c00f" ON "eticket_user" ("department_id");
CREATE INDEX IF NOT EXISTS "eticket_user_section_id_fbd52ec3" ON "eticket_user" ("section_id");
CREATE UNIQUE INDEX "eticket_user_user_permissions_user_id_permission_id_01683fdb_uniq" ON "eticket_user_user_permissions" ("user_id", "permission_id");
CREATE INDEX IF NOT EXISTS "eticket_user_user_permissions_user_id_77ee1588" ON "eticket_user_user_permissions" ("user_id");
CREATE INDEX IF NOT EXISTS "eticket_user_user_permissions_permission_id_0b3e21bd" ON "eticket_user_user_permissions" ("permission_id");
CREATE INDEX IF NOT EXISTS "django_admin_log_content_type_id_c4bce8eb" ON "django_admin_log" ("content_type_id");
CREATE INDEX IF NOT EXISTS "django_admin_log_user_id_c564eba6" ON "django_admin_log" ("user_id");
CREATE INDEX IF NOT EXISTS "django_session_expire_date_a5c62663" ON "django_session" ("expire_date");
CREATE TABLE IF NOT EXISTS "eticket_user" ("id" integer NOT NULL PRIMARY KEY AUTOINCREMENT, "password" varchar(128) NOT NULL, "last_login" datetime NULL, "is_superuser" bool NOT NULL, "username" varchar(150) NOT NULL UNIQUE, "first_name" varchar(150) NOT NULL, "last_name" varchar(150) NOT NULL, "email" varchar(254) NOT NULL, "is_staff" bool NOT NULL, "is_active" bool NOT NULL, "date_joined" datetime NOT NULL, "role" varchar(64) NULL, "department_id" integer NULL REFERENCES "eticket_department" ("id") DEFERRABLE INITIALLY DEFERRED, "section_id" integer NULL REFERENCES "eticket_section" ("id") DEFERRABLE INITIALLY DEFERRED);
INSERT INTO "eticket_user" VALUES(1,'pbkdf2_sha256$260000$2rk8D24V73QIJeODPPfQjn$3bM69q0RkQIs7Z+hAT/PPAUzqbMB8kCF1izVVpqFjXQ=','2021-12-26 21:00:22.736136',1,'admin','','','admin@cmc.iq',1,1,'2021-12-26 21:00:03.685040',NULL,NULL,NULL);
CREATE UNIQUE INDEX "django_content_type_app_label_model_76bd3d3b_uniq" ON "django_content_type" ("app_label", "model");
CREATE UNIQUE INDEX "auth_group_permissions_group_id_permission_id_0cd325b0_uniq" ON "auth_group_permissions" ("group_id", "permission_id");
CREATE INDEX IF NOT EXISTS "auth_group_permissions_group_id_b120cbf9" ON "auth_group_permissions" ("group_id");
CREATE INDEX IF NOT EXISTS "auth_group_permissions_permission_id_84c5c92e" ON "auth_group_permissions" ("permission_id");
CREATE UNIQUE INDEX "auth_permission_content_type_id_codename_01ab375a_uniq" ON "auth_permission" ("content_type_id", "codename");
CREATE INDEX IF NOT EXISTS "auth_permission_content_type_id_2f476e4b" ON "auth_permission" ("content_type_id");
CREATE INDEX IF NOT EXISTS "eticket_tickets_employee_id_314f9224" ON "eticket_tickets" ("employee_id");
CREATE INDEX IF NOT EXISTS "eticket_ticket_reply_ticket_id_b1dd69be" ON "eticket_ticket_reply" ("ticket_id");
CREATE UNIQUE INDEX "eticket_department_section_department_id_section_id_0fe68e5c_uniq" ON "eticket_department_section" ("department_id", "section_id");
CREATE INDEX IF NOT EXISTS "eticket_department_section_department_id_d80b620f" ON "eticket_department_section" ("department_id");
CREATE INDEX IF NOT EXISTS "eticket_department_section_section_id_39918efe" ON "eticket_department_section" ("section_id");
CREATE INDEX IF NOT EXISTS "eticket_allocation_car_id_47fdc650" ON "eticket_allocation" ("car_id");
CREATE INDEX IF NOT EXISTS "eticket_allocation_driver_name_id_b6a9fcb1" ON "eticket_allocation" ("driver_name_id");
CREATE INDEX IF NOT EXISTS "eticket_allocation_reply_id_7d5c9f4b" ON "eticket_allocation" ("reply_id");
CREATE UNIQUE INDEX "eticket_user_groups_user_id_group_id_dbcb4dbe_uniq" ON "eticket_user_groups" ("user_id", "group_id");
CREATE INDEX IF NOT EXISTS "eticket_user_groups_user_id_3a9d893f" ON "eticket_user_groups" ("user_id");
CREATE INDEX IF NOT EXISTS "eticket_user_groups_group_id_31df0ff4" ON "eticket_user_groups" ("group_id");
CREATE INDEX IF NOT EXISTS "eticket_user_department_id_4500c00f" ON "eticket_user" ("department_id");
CREATE INDEX IF NOT EXISTS "eticket_user_section_id_fbd52ec3" ON "eticket_user" ("section_id");
CREATE UNIQUE INDEX "eticket_user_user_permissions_user_id_permission_id_01683fdb_uniq" ON "eticket_user_user_permissions" ("user_id", "permission_id");
CREATE INDEX IF NOT EXISTS "eticket_user_user_permissions_user_id_77ee1588" ON "eticket_user_user_permissions" ("user_id");
CREATE INDEX IF NOT EXISTS "eticket_user_user_permissions_permission_id_0b3e21bd" ON "eticket_user_user_permissions" ("permission_id");
CREATE INDEX IF NOT EXISTS "django_admin_log_content_type_id_c4bce8eb" ON "django_admin_log" ("content_type_id");
CREATE INDEX IF NOT EXISTS "django_admin_log_user_id_c564eba6" ON "django_admin_log" ("user_id");
CREATE INDEX IF NOT EXISTS "django_session_expire_date_a5c62663" ON "django_session" ("expire_date");
CREATE TABLE IF NOT EXISTS "eticket_user_groups" ("id" integer NOT NULL PRIMARY KEY AUTOINCREMENT, "user_id" integer NOT NULL REFERENCES "eticket_user" ("id") DEFERRABLE INITIALLY DEFERRED, "group_id" integer NOT NULL REFERENCES "auth_group" ("id") DEFERRABLE INITIALLY DEFERRED);
CREATE UNIQUE INDEX "django_content_type_app_label_model_76bd3d3b_uniq" ON "django_content_type" ("app_label", "model");
CREATE UNIQUE INDEX "auth_group_permissions_group_id_permission_id_0cd325b0_uniq" ON "auth_group_permissions" ("group_id", "permission_id");
CREATE INDEX IF NOT EXISTS "auth_group_permissions_group_id_b120cbf9" ON "auth_group_permissions" ("group_id");
CREATE INDEX IF NOT EXISTS "auth_group_permissions_permission_id_84c5c92e" ON "auth_group_permissions" ("permission_id");
CREATE UNIQUE INDEX "auth_permission_content_type_id_codename_01ab375a_uniq" ON "auth_permission" ("content_type_id", "codename");
CREATE INDEX IF NOT EXISTS "auth_permission_content_type_id_2f476e4b" ON "auth_permission" ("content_type_id");
CREATE INDEX IF NOT EXISTS "eticket_tickets_employee_id_314f9224" ON "eticket_tickets" ("employee_id");
CREATE INDEX IF NOT EXISTS "eticket_ticket_reply_ticket_id_b1dd69be" ON "eticket_ticket_reply" ("ticket_id");
CREATE UNIQUE INDEX "eticket_department_section_department_id_section_id_0fe68e5c_uniq" ON "eticket_department_section" ("department_id", "section_id");
CREATE INDEX IF NOT EXISTS "eticket_department_section_department_id_d80b620f" ON "eticket_department_section" ("department_id");
CREATE INDEX IF NOT EXISTS "eticket_department_section_section_id_39918efe" ON "eticket_department_section" ("section_id");
CREATE INDEX IF NOT EXISTS "eticket_allocation_car_id_47fdc650" ON "eticket_allocation" ("car_id");
CREATE INDEX IF NOT EXISTS "eticket_allocation_driver_name_id_b6a9fcb1" ON "eticket_allocation" ("driver_name_id");
CREATE INDEX IF NOT EXISTS "eticket_allocation_reply_id_7d5c9f4b" ON "eticket_allocation" ("reply_id");
CREATE UNIQUE INDEX "eticket_user_groups_user_id_group_id_dbcb4dbe_uniq" ON "eticket_user_groups" ("user_id", "group_id");
CREATE INDEX IF NOT EXISTS "eticket_user_groups_user_id_3a9d893f" ON "eticket_user_groups" ("user_id");
CREATE INDEX IF NOT EXISTS "eticket_user_groups_group_id_31df0ff4" ON "eticket_user_groups" ("group_id");
CREATE INDEX IF NOT EXISTS "eticket_user_department_id_4500c00f" ON "eticket_user" ("department_id");
CREATE INDEX IF NOT EXISTS "eticket_user_section_id_fbd52ec3" ON "eticket_user" ("section_id");
CREATE UNIQUE INDEX "eticket_user_user_permissions_user_id_permission_id_01683fdb_uniq" ON "eticket_user_user_permissions" ("user_id", "permission_id");
CREATE INDEX IF NOT EXISTS "eticket_user_user_permissions_user_id_77ee1588" ON "eticket_user_user_permissions" ("user_id");
CREATE INDEX IF NOT EXISTS "eticket_user_user_permissions_permission_id_0b3e21bd" ON "eticket_user_user_permissions" ("permission_id");
CREATE INDEX IF NOT EXISTS "django_admin_log_content_type_id_c4bce8eb" ON "django_admin_log" ("content_type_id");
CREATE INDEX IF NOT EXISTS "django_admin_log_user_id_c564eba6" ON "django_admin_log" ("user_id");
CREATE INDEX IF NOT EXISTS "django_session_expire_date_a5c62663" ON "django_session" ("expire_date");
CREATE TABLE IF NOT EXISTS "eticket_user_user_permissions" ("id" integer NOT NULL PRIMARY KEY AUTOINCREMENT, "user_id" integer NOT NULL REFERENCES "eticket_user" ("id") DEFERRABLE INITIALLY DEFERRED, "permission_id" integer NOT NULL REFERENCES "auth_permission" ("id") DEFERRABLE INITIALLY DEFERRED);
CREATE UNIQUE INDEX "django_content_type_app_label_model_76bd3d3b_uniq" ON "django_content_type" ("app_label", "model");
CREATE UNIQUE INDEX "auth_group_permissions_group_id_permission_id_0cd325b0_uniq" ON "auth_group_permissions" ("group_id", "permission_id");
CREATE INDEX IF NOT EXISTS "auth_group_permissions_group_id_b120cbf9" ON "auth_group_permissions" ("group_id");
CREATE INDEX IF NOT EXISTS "auth_group_permissions_permission_id_84c5c92e" ON "auth_group_permissions" ("permission_id");
CREATE UNIQUE INDEX "auth_permission_content_type_id_codename_01ab375a_uniq" ON "auth_permission" ("content_type_id", "codename");
CREATE INDEX IF NOT EXISTS "auth_permission_content_type_id_2f476e4b" ON "auth_permission" ("content_type_id");
CREATE INDEX IF NOT EXISTS "eticket_tickets_employee_id_314f9224" ON "eticket_tickets" ("employee_id");
CREATE INDEX IF NOT EXISTS "eticket_ticket_reply_ticket_id_b1dd69be" ON "eticket_ticket_reply" ("ticket_id");
CREATE UNIQUE INDEX "eticket_department_section_department_id_section_id_0fe68e5c_uniq" ON "eticket_department_section" ("department_id", "section_id");
CREATE INDEX IF NOT EXISTS "eticket_department_section_department_id_d80b620f" ON "eticket_department_section" ("department_id");
CREATE INDEX IF NOT EXISTS "eticket_department_section_section_id_39918efe" ON "eticket_department_section" ("section_id");
CREATE INDEX IF NOT EXISTS "eticket_allocation_car_id_47fdc650" ON "eticket_allocation" ("car_id");
CREATE INDEX IF NOT EXISTS "eticket_allocation_driver_name_id_b6a9fcb1" ON "eticket_allocation" ("driver_name_id");
CREATE INDEX IF NOT EXISTS "eticket_allocation_reply_id_7d5c9f4b" ON "eticket_allocation" ("reply_id");
CREATE UNIQUE INDEX "eticket_user_groups_user_id_group_id_dbcb4dbe_uniq" ON "eticket_user_groups" ("user_id", "group_id");
CREATE INDEX IF NOT EXISTS "eticket_user_groups_user_id_3a9d893f" ON "eticket_user_groups" ("user_id");
CREATE INDEX IF NOT EXISTS "eticket_user_groups_group_id_31df0ff4" ON "eticket_user_groups" ("group_id");
CREATE INDEX IF NOT EXISTS "eticket_user_department_id_4500c00f" ON "eticket_user" ("department_id");
CREATE INDEX IF NOT EXISTS "eticket_user_section_id_fbd52ec3" ON "eticket_user" ("section_id");
CREATE UNIQUE INDEX "eticket_user_user_permissions_user_id_permission_id_01683fdb_uniq" ON "eticket_user_user_permissions" ("user_id", "permission_id");
CREATE INDEX IF NOT EXISTS "eticket_user_user_permissions_user_id_77ee1588" ON "eticket_user_user_permissions" ("user_id");
CREATE INDEX IF NOT EXISTS "eticket_user_user_permissions_permission_id_0b3e21bd" ON "eticket_user_user_permissions" ("permission_id");
CREATE INDEX IF NOT EXISTS "django_admin_log_content_type_id_c4bce8eb" ON "django_admin_log" ("content_type_id");
CREATE INDEX IF NOT EXISTS "django_admin_log_user_id_c564eba6" ON "django_admin_log" ("user_id");
CREATE INDEX IF NOT EXISTS "django_session_expire_date_a5c62663" ON "django_session" ("expire_date");
